-- Categories
insert into categories (id, name, slug, parent_id) values
  ('a1000000-0000-0000-0000-000000000001', 'Electronics', 'electronics', null),
  ('a1000000-0000-0000-0000-000000000002', 'Clothing', 'clothing', null),
  ('a1000000-0000-0000-0000-000000000003', 'Laptops', 'laptops', 'a1000000-0000-0000-0000-000000000001'),
  ('a1000000-0000-0000-0000-000000000004', 'T-Shirts', 't-shirts', 'a1000000-0000-0000-0000-000000000002'),
  ('a1000000-0000-0000-0000-000000000005', 'Smartphones', 'smartphones', 'a1000000-0000-0000-0000-000000000001'),
  ('a1000000-0000-0000-0000-000000000006', 'Headphones', 'headphones', 'a1000000-0000-0000-0000-000000000001'),
  ('a1000000-0000-0000-0000-000000000007', 'Shoes', 'shoes', 'a1000000-0000-0000-0000-000000000002');

-- Category Attributes
-- Laptops: RAM, Storage
insert into category_attributes (id, category_id, name, type, required, sort_order) values
  ('b1000000-0000-0000-0000-000000000001', 'a1000000-0000-0000-0000-000000000003', 'RAM', 'enum', true, 0),
  ('b1000000-0000-0000-0000-000000000002', 'a1000000-0000-0000-0000-000000000003', 'Storage', 'enum', true, 1);

-- T-Shirts: Size, Color
insert into category_attributes (id, category_id, name, type, required, sort_order) values
  ('b1000000-0000-0000-0000-000000000003', 'a1000000-0000-0000-0000-000000000004', 'Size', 'enum', true, 0),
  ('b1000000-0000-0000-0000-000000000004', 'a1000000-0000-0000-0000-000000000004', 'Color', 'enum', true, 1);

-- Attribute Options
-- RAM: 8GB, 16GB, 32GB
insert into attribute_options (category_attribute_id, value, sort_order) values
  ('b1000000-0000-0000-0000-000000000001', '8GB', 0),
  ('b1000000-0000-0000-0000-000000000001', '16GB', 1),
  ('b1000000-0000-0000-0000-000000000001', '32GB', 2);

-- Storage: 256GB, 512GB, 1TB
insert into attribute_options (category_attribute_id, value, sort_order) values
  ('b1000000-0000-0000-0000-000000000002', '256GB', 0),
  ('b1000000-0000-0000-0000-000000000002', '512GB', 1),
  ('b1000000-0000-0000-0000-000000000002', '1TB', 2);

-- Size: S, M, L, XL
insert into attribute_options (category_attribute_id, value, sort_order) values
  ('b1000000-0000-0000-0000-000000000003', 'S', 0),
  ('b1000000-0000-0000-0000-000000000003', 'M', 1),
  ('b1000000-0000-0000-0000-000000000003', 'L', 2),
  ('b1000000-0000-0000-0000-000000000003', 'XL', 3);

-- Color: Black, White, Blue, Red
insert into attribute_options (category_attribute_id, value, sort_order) values
  ('b1000000-0000-0000-0000-000000000004', 'Black', 0),
  ('b1000000-0000-0000-0000-000000000004', 'White', 1),
  ('b1000000-0000-0000-0000-000000000004', 'Blue', 2),
  ('b1000000-0000-0000-0000-000000000004', 'Red', 3);

-- Products
insert into products (id, category_id, name, slug, description, base_price, status, images) values
  ('c1000000-0000-0000-0000-000000000001', 'a1000000-0000-0000-0000-000000000003', 'ProBook 15', 'probook-15', 'Professional laptop with stunning display and all-day battery life.', 999.99, 'active', '{"https://images.unsplash.com/photo-1496181133206-80ce9b88a853?w=600&h=600&fit=crop"}'),
  ('c1000000-0000-0000-0000-000000000002', 'a1000000-0000-0000-0000-000000000003', 'UltraSlim Air', 'ultraslim-air', 'Ultra-lightweight laptop for professionals on the go.', 1299.99, 'active', '{"https://images.unsplash.com/photo-1517336714731-489689fd1ca8?w=600&h=600&fit=crop"}'),
  ('c1000000-0000-0000-0000-000000000003', 'a1000000-0000-0000-0000-000000000004', 'Classic Cotton Tee', 'classic-cotton-tee', 'Soft 100% cotton t-shirt. Essential wardrobe staple.', 24.99, 'active', '{"https://images.unsplash.com/photo-1521572163474-6864f9cf17ab?w=600&h=600&fit=crop"}'),
  ('c1000000-0000-0000-0000-000000000004', 'a1000000-0000-0000-0000-000000000004', 'Performance Dry-Fit', 'performance-dry-fit', 'Moisture-wicking athletic t-shirt for active lifestyles.', 34.99, 'active', '{"https://images.unsplash.com/photo-1581655353564-df123a1eb820?w=600&h=600&fit=crop"}');

-- SKUs for ProBook 15
insert into skus (id, product_id, sku_code, price_override, status) values
  ('d1000000-0000-0000-0000-000000000001', 'c1000000-0000-0000-0000-000000000001', 'PROBOOK-8-256', null, 'active'),
  ('d1000000-0000-0000-0000-000000000002', 'c1000000-0000-0000-0000-000000000001', 'PROBOOK-16-512', 1199.99, 'active'),
  ('d1000000-0000-0000-0000-000000000003', 'c1000000-0000-0000-0000-000000000001', 'PROBOOK-32-1TB', 1499.99, 'active');

-- SKU attribute values for ProBook 15
insert into sku_attribute_values (sku_id, category_attribute_id, value) values
  ('d1000000-0000-0000-0000-000000000001', 'b1000000-0000-0000-0000-000000000001', '8GB'),
  ('d1000000-0000-0000-0000-000000000001', 'b1000000-0000-0000-0000-000000000002', '256GB'),
  ('d1000000-0000-0000-0000-000000000002', 'b1000000-0000-0000-0000-000000000001', '16GB'),
  ('d1000000-0000-0000-0000-000000000002', 'b1000000-0000-0000-0000-000000000002', '512GB'),
  ('d1000000-0000-0000-0000-000000000003', 'b1000000-0000-0000-0000-000000000001', '32GB'),
  ('d1000000-0000-0000-0000-000000000003', 'b1000000-0000-0000-0000-000000000002', '1TB');

-- SKUs for Classic Cotton Tee (4 colors x 4 sizes = 16, showing a subset)
insert into skus (id, product_id, sku_code, status) values
  ('d1000000-0000-0000-0000-000000000010', 'c1000000-0000-0000-0000-000000000003', 'CTEE-BLK-S', 'active'),
  ('d1000000-0000-0000-0000-000000000011', 'c1000000-0000-0000-0000-000000000003', 'CTEE-BLK-M', 'active'),
  ('d1000000-0000-0000-0000-000000000012', 'c1000000-0000-0000-0000-000000000003', 'CTEE-BLU-M', 'active'),
  ('d1000000-0000-0000-0000-000000000013', 'c1000000-0000-0000-0000-000000000003', 'CTEE-WHT-L', 'active');

insert into sku_attribute_values (sku_id, category_attribute_id, value) values
  ('d1000000-0000-0000-0000-000000000010', 'b1000000-0000-0000-0000-000000000003', 'S'),
  ('d1000000-0000-0000-0000-000000000010', 'b1000000-0000-0000-0000-000000000004', 'Black'),
  ('d1000000-0000-0000-0000-000000000011', 'b1000000-0000-0000-0000-000000000003', 'M'),
  ('d1000000-0000-0000-0000-000000000011', 'b1000000-0000-0000-0000-000000000004', 'Black'),
  ('d1000000-0000-0000-0000-000000000012', 'b1000000-0000-0000-0000-000000000003', 'M'),
  ('d1000000-0000-0000-0000-000000000012', 'b1000000-0000-0000-0000-000000000004', 'Blue'),
  ('d1000000-0000-0000-0000-000000000013', 'b1000000-0000-0000-0000-000000000003', 'L'),
  ('d1000000-0000-0000-0000-000000000013', 'b1000000-0000-0000-0000-000000000004', 'White');

-- Custom fields (reporting metadata)
insert into custom_fields (entity_type, entity_id, key, value) values
  ('product', 'c1000000-0000-0000-0000-000000000001', 'supplier', 'TechCorp'),
  ('product', 'c1000000-0000-0000-0000-000000000001', 'tag', 'bestseller'),
  ('product', 'c1000000-0000-0000-0000-000000000003', 'supplier', 'Cotton Co'),
  ('product', 'c1000000-0000-0000-0000-000000000003', 'tag', 'essentials'),
  ('product', 'c1000000-0000-0000-0000-000000000003', 'season', 'SS26');

-- ============================================================
-- EXPANDED CATALOG
-- ============================================================

-- Smartphone attributes: Storage, Color
insert into category_attributes (id, category_id, name, type, required, sort_order) values
  ('b1000000-0000-0000-0000-000000000005', 'a1000000-0000-0000-0000-000000000005', 'Storage', 'enum', true, 0),
  ('b1000000-0000-0000-0000-000000000006', 'a1000000-0000-0000-0000-000000000005', 'Color', 'enum', true, 1);

insert into attribute_options (category_attribute_id, value, sort_order) values
  ('b1000000-0000-0000-0000-000000000005', '128GB', 0),
  ('b1000000-0000-0000-0000-000000000005', '256GB', 1),
  ('b1000000-0000-0000-0000-000000000005', '512GB', 2),
  ('b1000000-0000-0000-0000-000000000006', 'Black', 0),
  ('b1000000-0000-0000-0000-000000000006', 'White', 1),
  ('b1000000-0000-0000-0000-000000000006', 'Blue', 2);

-- Headphone attributes: Type, Color
insert into category_attributes (id, category_id, name, type, required, sort_order) values
  ('b1000000-0000-0000-0000-000000000007', 'a1000000-0000-0000-0000-000000000006', 'Type', 'enum', true, 0),
  ('b1000000-0000-0000-0000-000000000008', 'a1000000-0000-0000-0000-000000000006', 'Color', 'enum', true, 1);

insert into attribute_options (category_attribute_id, value, sort_order) values
  ('b1000000-0000-0000-0000-000000000007', 'Over-Ear', 0),
  ('b1000000-0000-0000-0000-000000000007', 'On-Ear', 1),
  ('b1000000-0000-0000-0000-000000000007', 'In-Ear', 2),
  ('b1000000-0000-0000-0000-000000000008', 'Black', 0),
  ('b1000000-0000-0000-0000-000000000008', 'White', 1),
  ('b1000000-0000-0000-0000-000000000008', 'Silver', 2);

-- Shoe attributes: Size, Color
insert into category_attributes (id, category_id, name, type, required, sort_order) values
  ('b1000000-0000-0000-0000-000000000009', 'a1000000-0000-0000-0000-000000000007', 'Size', 'enum', true, 0),
  ('b1000000-0000-0000-0000-000000000010', 'a1000000-0000-0000-0000-000000000007', 'Color', 'enum', true, 1);

insert into attribute_options (category_attribute_id, value, sort_order) values
  ('b1000000-0000-0000-0000-000000000009', '8', 0),
  ('b1000000-0000-0000-0000-000000000009', '9', 1),
  ('b1000000-0000-0000-0000-000000000009', '10', 2),
  ('b1000000-0000-0000-0000-000000000009', '11', 3),
  ('b1000000-0000-0000-0000-000000000009', '12', 4),
  ('b1000000-0000-0000-0000-000000000010', 'Black', 0),
  ('b1000000-0000-0000-0000-000000000010', 'White', 1),
  ('b1000000-0000-0000-0000-000000000010', 'Brown', 2);

-- === MORE LAPTOPS ===
insert into products (id, category_id, name, slug, description, base_price, status, images) values
  ('c1000000-0000-0000-0000-000000000010', 'a1000000-0000-0000-0000-000000000003', 'GameForce 17', 'gameforce-17', 'High-performance gaming laptop with RTX graphics and 144Hz display.', 1799.99, 'active', '{"https://images.unsplash.com/photo-1593642632559-0c6d3fc62b89?w=600&h=600&fit=crop"}'),
  ('c1000000-0000-0000-0000-000000000011', 'a1000000-0000-0000-0000-000000000003', 'ChromeBook Flex', 'chromebook-flex', 'Affordable 2-in-1 ChromeBook for everyday productivity.', 349.99, 'active', '{"https://images.unsplash.com/photo-1588872657578-7efd1f1555ed?w=600&h=600&fit=crop"}'),
  ('c1000000-0000-0000-0000-000000000012', 'a1000000-0000-0000-0000-000000000003', 'StudioPro 16', 'studiopro-16', 'Creative workstation with color-accurate display and M-series chip.', 2499.99, 'active', '{"https://images.unsplash.com/photo-1611186871348-b1ce696e52c9?w=600&h=600&fit=crop"}');

insert into skus (id, product_id, sku_code, price_override, status) values
  ('d1000000-0000-0000-0000-000000000020', 'c1000000-0000-0000-0000-000000000010', 'GF17-16-512', null, 'active'),
  ('d1000000-0000-0000-0000-000000000021', 'c1000000-0000-0000-0000-000000000010', 'GF17-32-1TB', 2099.99, 'active'),
  ('d1000000-0000-0000-0000-000000000022', 'c1000000-0000-0000-0000-000000000011', 'CBF-8-256', null, 'active'),
  ('d1000000-0000-0000-0000-000000000023', 'c1000000-0000-0000-0000-000000000012', 'SP16-32-1TB', null, 'active');

insert into sku_attribute_values (sku_id, category_attribute_id, value) values
  ('d1000000-0000-0000-0000-000000000020', 'b1000000-0000-0000-0000-000000000001', '16GB'),
  ('d1000000-0000-0000-0000-000000000020', 'b1000000-0000-0000-0000-000000000002', '512GB'),
  ('d1000000-0000-0000-0000-000000000021', 'b1000000-0000-0000-0000-000000000001', '32GB'),
  ('d1000000-0000-0000-0000-000000000021', 'b1000000-0000-0000-0000-000000000002', '1TB'),
  ('d1000000-0000-0000-0000-000000000022', 'b1000000-0000-0000-0000-000000000001', '8GB'),
  ('d1000000-0000-0000-0000-000000000022', 'b1000000-0000-0000-0000-000000000002', '256GB'),
  ('d1000000-0000-0000-0000-000000000023', 'b1000000-0000-0000-0000-000000000001', '32GB'),
  ('d1000000-0000-0000-0000-000000000023', 'b1000000-0000-0000-0000-000000000002', '1TB');

-- === SMARTPHONES ===
insert into products (id, category_id, name, slug, description, base_price, status, images) values
  ('c1000000-0000-0000-0000-000000000020', 'a1000000-0000-0000-0000-000000000005', 'Galaxy Ultra S25', 'galaxy-ultra-s25', 'Flagship smartphone with 200MP camera and S Pen support.', 1199.99, 'active', '{"https://images.unsplash.com/photo-1610945265064-0e34e5519bbf?w=600&h=600&fit=crop"}'),
  ('c1000000-0000-0000-0000-000000000021', 'a1000000-0000-0000-0000-000000000005', 'Pixel Pro 9', 'pixel-pro-9', 'Pure Android experience with best-in-class computational photography.', 899.99, 'active', '{"https://images.unsplash.com/photo-1598327105666-5b89351aff97?w=600&h=600&fit=crop"}'),
  ('c1000000-0000-0000-0000-000000000022', 'a1000000-0000-0000-0000-000000000005', 'OnePlus Nord 4', 'oneplus-nord-4', 'Mid-range powerhouse with 120Hz AMOLED and fast charging.', 449.99, 'active', '{"https://images.unsplash.com/photo-1511707171634-5f897ff02aa9?w=600&h=600&fit=crop"}'),
  ('c1000000-0000-0000-0000-000000000023', 'a1000000-0000-0000-0000-000000000005', 'iPhone 16 Pro', 'iphone-16-pro', 'Titanium design with A18 Pro chip and 5x optical zoom.', 1099.99, 'active', '{"https://images.unsplash.com/photo-1592750475338-74b7b21085ab?w=600&h=600&fit=crop"}'),
  ('c1000000-0000-0000-0000-000000000024', 'a1000000-0000-0000-0000-000000000005', 'Xiaomi 14 Ultra', 'xiaomi-14-ultra', 'Leica-powered quad camera system with Snapdragon 8 Gen 3.', 799.99, 'active', '{"https://images.unsplash.com/photo-1574944985070-8f3ebc6b79d2?w=600&h=600&fit=crop"}');

insert into skus (id, product_id, sku_code, price_override, status) values
  ('d1000000-0000-0000-0000-000000000030', 'c1000000-0000-0000-0000-000000000020', 'GS25-256-BLK', null, 'active'),
  ('d1000000-0000-0000-0000-000000000031', 'c1000000-0000-0000-0000-000000000020', 'GS25-512-BLK', 1349.99, 'active'),
  ('d1000000-0000-0000-0000-000000000032', 'c1000000-0000-0000-0000-000000000021', 'PX9-128-WHT', null, 'active'),
  ('d1000000-0000-0000-0000-000000000033', 'c1000000-0000-0000-0000-000000000021', 'PX9-256-BLK', 999.99, 'active'),
  ('d1000000-0000-0000-0000-000000000034', 'c1000000-0000-0000-0000-000000000022', 'ON4-256-BLU', null, 'active'),
  ('d1000000-0000-0000-0000-000000000035', 'c1000000-0000-0000-0000-000000000023', 'IP16P-256-BLK', null, 'active'),
  ('d1000000-0000-0000-0000-000000000036', 'c1000000-0000-0000-0000-000000000023', 'IP16P-512-WHT', 1299.99, 'active'),
  ('d1000000-0000-0000-0000-000000000037', 'c1000000-0000-0000-0000-000000000024', 'XI14U-256-BLK', null, 'active'),
  ('d1000000-0000-0000-0000-000000000038', 'c1000000-0000-0000-0000-000000000024', 'XI14U-512-WHT', 949.99, 'active');

insert into sku_attribute_values (sku_id, category_attribute_id, value) values
  ('d1000000-0000-0000-0000-000000000030', 'b1000000-0000-0000-0000-000000000005', '256GB'),
  ('d1000000-0000-0000-0000-000000000030', 'b1000000-0000-0000-0000-000000000006', 'Black'),
  ('d1000000-0000-0000-0000-000000000031', 'b1000000-0000-0000-0000-000000000005', '512GB'),
  ('d1000000-0000-0000-0000-000000000031', 'b1000000-0000-0000-0000-000000000006', 'Black'),
  ('d1000000-0000-0000-0000-000000000032', 'b1000000-0000-0000-0000-000000000005', '128GB'),
  ('d1000000-0000-0000-0000-000000000032', 'b1000000-0000-0000-0000-000000000006', 'White'),
  ('d1000000-0000-0000-0000-000000000033', 'b1000000-0000-0000-0000-000000000005', '256GB'),
  ('d1000000-0000-0000-0000-000000000033', 'b1000000-0000-0000-0000-000000000006', 'Black'),
  ('d1000000-0000-0000-0000-000000000034', 'b1000000-0000-0000-0000-000000000005', '256GB'),
  ('d1000000-0000-0000-0000-000000000034', 'b1000000-0000-0000-0000-000000000006', 'Blue'),
  ('d1000000-0000-0000-0000-000000000035', 'b1000000-0000-0000-0000-000000000005', '256GB'),
  ('d1000000-0000-0000-0000-000000000035', 'b1000000-0000-0000-0000-000000000006', 'Black'),
  ('d1000000-0000-0000-0000-000000000036', 'b1000000-0000-0000-0000-000000000005', '512GB'),
  ('d1000000-0000-0000-0000-000000000036', 'b1000000-0000-0000-0000-000000000006', 'White'),
  ('d1000000-0000-0000-0000-000000000037', 'b1000000-0000-0000-0000-000000000005', '256GB'),
  ('d1000000-0000-0000-0000-000000000037', 'b1000000-0000-0000-0000-000000000006', 'Black'),
  ('d1000000-0000-0000-0000-000000000038', 'b1000000-0000-0000-0000-000000000005', '512GB'),
  ('d1000000-0000-0000-0000-000000000038', 'b1000000-0000-0000-0000-000000000006', 'White');

-- === HEADPHONES ===
insert into products (id, category_id, name, slug, description, base_price, status, images) values
  ('c1000000-0000-0000-0000-000000000030', 'a1000000-0000-0000-0000-000000000006', 'SoundMax Pro', 'soundmax-pro', 'Premium over-ear headphones with 40-hour battery and Hi-Res Audio.', 349.99, 'active', '{"https://images.unsplash.com/photo-1505740420928-5e560c06d30e?w=600&h=600&fit=crop"}'),
  ('c1000000-0000-0000-0000-000000000031', 'a1000000-0000-0000-0000-000000000006', 'AirBuds Elite', 'airbuds-elite', 'True wireless earbuds with adaptive noise cancellation.', 179.99, 'active', '{"https://images.unsplash.com/photo-1590658268037-6bf12f032f55?w=600&h=600&fit=crop"}'),
  ('c1000000-0000-0000-0000-000000000032', 'a1000000-0000-0000-0000-000000000006', 'StudioCans HD', 'studiocans-hd', 'Reference-grade studio monitor headphones for audio professionals.', 249.99, 'active', '{"https://images.unsplash.com/photo-1484704849700-f032a568e944?w=600&h=600&fit=crop"}'),
  ('c1000000-0000-0000-0000-000000000033', 'a1000000-0000-0000-0000-000000000006', 'NoiseFree ANC 3', 'noisefree-anc-3', 'Industry-leading active noise cancellation for travel and commute.', 299.99, 'active', '{"https://images.unsplash.com/photo-1546435770-a3e426bf472b?w=600&h=600&fit=crop"}'),
  ('c1000000-0000-0000-0000-000000000034', 'a1000000-0000-0000-0000-000000000006', 'BassBoost 360', 'bassboost-360', 'Deep bass on-ear headphones with custom EQ and foldable design.', 89.99, 'active', '{"https://images.unsplash.com/photo-1583394838336-acd977736f90?w=600&h=600&fit=crop"}');

insert into skus (id, product_id, sku_code, status) values
  ('d1000000-0000-0000-0000-000000000040', 'c1000000-0000-0000-0000-000000000030', 'SMAX-OE-BLK', 'active'),
  ('d1000000-0000-0000-0000-000000000041', 'c1000000-0000-0000-0000-000000000030', 'SMAX-OE-SLV', 'active'),
  ('d1000000-0000-0000-0000-000000000042', 'c1000000-0000-0000-0000-000000000031', 'ABUD-IE-WHT', 'active'),
  ('d1000000-0000-0000-0000-000000000043', 'c1000000-0000-0000-0000-000000000031', 'ABUD-IE-BLK', 'active'),
  ('d1000000-0000-0000-0000-000000000044', 'c1000000-0000-0000-0000-000000000032', 'STCAN-OE-BLK', 'active'),
  ('d1000000-0000-0000-0000-000000000045', 'c1000000-0000-0000-0000-000000000033', 'NF3-OE-BLK', 'active'),
  ('d1000000-0000-0000-0000-000000000046', 'c1000000-0000-0000-0000-000000000033', 'NF3-OE-WHT', 'active'),
  ('d1000000-0000-0000-0000-000000000047', 'c1000000-0000-0000-0000-000000000034', 'BB360-ON-BLK', 'active');

insert into sku_attribute_values (sku_id, category_attribute_id, value) values
  ('d1000000-0000-0000-0000-000000000040', 'b1000000-0000-0000-0000-000000000007', 'Over-Ear'),
  ('d1000000-0000-0000-0000-000000000040', 'b1000000-0000-0000-0000-000000000008', 'Black'),
  ('d1000000-0000-0000-0000-000000000041', 'b1000000-0000-0000-0000-000000000007', 'Over-Ear'),
  ('d1000000-0000-0000-0000-000000000041', 'b1000000-0000-0000-0000-000000000008', 'Silver'),
  ('d1000000-0000-0000-0000-000000000042', 'b1000000-0000-0000-0000-000000000007', 'In-Ear'),
  ('d1000000-0000-0000-0000-000000000042', 'b1000000-0000-0000-0000-000000000008', 'White'),
  ('d1000000-0000-0000-0000-000000000043', 'b1000000-0000-0000-0000-000000000007', 'In-Ear'),
  ('d1000000-0000-0000-0000-000000000043', 'b1000000-0000-0000-0000-000000000008', 'Black'),
  ('d1000000-0000-0000-0000-000000000044', 'b1000000-0000-0000-0000-000000000007', 'Over-Ear'),
  ('d1000000-0000-0000-0000-000000000044', 'b1000000-0000-0000-0000-000000000008', 'Black'),
  ('d1000000-0000-0000-0000-000000000045', 'b1000000-0000-0000-0000-000000000007', 'Over-Ear'),
  ('d1000000-0000-0000-0000-000000000045', 'b1000000-0000-0000-0000-000000000008', 'Black'),
  ('d1000000-0000-0000-0000-000000000046', 'b1000000-0000-0000-0000-000000000007', 'Over-Ear'),
  ('d1000000-0000-0000-0000-000000000046', 'b1000000-0000-0000-0000-000000000008', 'White'),
  ('d1000000-0000-0000-0000-000000000047', 'b1000000-0000-0000-0000-000000000007', 'On-Ear'),
  ('d1000000-0000-0000-0000-000000000047', 'b1000000-0000-0000-0000-000000000008', 'Black');

-- === MORE T-SHIRTS ===
insert into products (id, category_id, name, slug, description, base_price, status, images) values
  ('c1000000-0000-0000-0000-000000000040', 'a1000000-0000-0000-0000-000000000004', 'Vintage Wash Tee', 'vintage-wash-tee', 'Garment-dyed tee with lived-in softness and relaxed fit.', 29.99, 'active', '{"https://images.unsplash.com/photo-1562157873-818bc0726f68?w=600&h=600&fit=crop"}'),
  ('c1000000-0000-0000-0000-000000000041', 'a1000000-0000-0000-0000-000000000004', 'Graphic Print Tee', 'graphic-print-tee', 'Bold graphic print on premium heavyweight cotton.', 39.99, 'active', '{"https://images.unsplash.com/photo-1503341504253-dff4f94032c4?w=600&h=600&fit=crop"}'),
  ('c1000000-0000-0000-0000-000000000042', 'a1000000-0000-0000-0000-000000000004', 'Henley Long Sleeve', 'henley-long-sleeve', 'Casual henley with button placket and ribbed cuffs.', 44.99, 'active', '{"https://images.unsplash.com/photo-1618354691373-d851c5c3a990?w=600&h=600&fit=crop"}');

insert into skus (id, product_id, sku_code, status) values
  ('d1000000-0000-0000-0000-000000000050', 'c1000000-0000-0000-0000-000000000040', 'VWT-BLK-M', 'active'),
  ('d1000000-0000-0000-0000-000000000051', 'c1000000-0000-0000-0000-000000000040', 'VWT-BLU-L', 'active'),
  ('d1000000-0000-0000-0000-000000000052', 'c1000000-0000-0000-0000-000000000041', 'GPT-WHT-M', 'active'),
  ('d1000000-0000-0000-0000-000000000053', 'c1000000-0000-0000-0000-000000000041', 'GPT-BLK-L', 'active'),
  ('d1000000-0000-0000-0000-000000000054', 'c1000000-0000-0000-0000-000000000042', 'HLS-RED-M', 'active'),
  ('d1000000-0000-0000-0000-000000000055', 'c1000000-0000-0000-0000-000000000042', 'HLS-BLK-XL', 'active');

insert into sku_attribute_values (sku_id, category_attribute_id, value) values
  ('d1000000-0000-0000-0000-000000000050', 'b1000000-0000-0000-0000-000000000003', 'M'),
  ('d1000000-0000-0000-0000-000000000050', 'b1000000-0000-0000-0000-000000000004', 'Black'),
  ('d1000000-0000-0000-0000-000000000051', 'b1000000-0000-0000-0000-000000000003', 'L'),
  ('d1000000-0000-0000-0000-000000000051', 'b1000000-0000-0000-0000-000000000004', 'Blue'),
  ('d1000000-0000-0000-0000-000000000052', 'b1000000-0000-0000-0000-000000000003', 'M'),
  ('d1000000-0000-0000-0000-000000000052', 'b1000000-0000-0000-0000-000000000004', 'White'),
  ('d1000000-0000-0000-0000-000000000053', 'b1000000-0000-0000-0000-000000000003', 'L'),
  ('d1000000-0000-0000-0000-000000000053', 'b1000000-0000-0000-0000-000000000004', 'Black'),
  ('d1000000-0000-0000-0000-000000000054', 'b1000000-0000-0000-0000-000000000003', 'M'),
  ('d1000000-0000-0000-0000-000000000054', 'b1000000-0000-0000-0000-000000000004', 'Red'),
  ('d1000000-0000-0000-0000-000000000055', 'b1000000-0000-0000-0000-000000000003', 'XL'),
  ('d1000000-0000-0000-0000-000000000055', 'b1000000-0000-0000-0000-000000000004', 'Black');

-- === SHOES ===
insert into products (id, category_id, name, slug, description, base_price, status, images) values
  ('c1000000-0000-0000-0000-000000000050', 'a1000000-0000-0000-0000-000000000007', 'CloudRunner 5', 'cloudrunner-5', 'Lightweight running shoes with responsive foam cushioning.', 139.99, 'active', '{"https://images.unsplash.com/photo-1542291026-7eec264c27ff?w=600&h=600&fit=crop"}'),
  ('c1000000-0000-0000-0000-000000000051', 'a1000000-0000-0000-0000-000000000007', 'UrbanStep Leather', 'urbanstep-leather', 'Premium leather sneakers for everyday urban style.', 189.99, 'active', '{"https://images.unsplash.com/photo-1549298916-b41d501d3772?w=600&h=600&fit=crop"}'),
  ('c1000000-0000-0000-0000-000000000052', 'a1000000-0000-0000-0000-000000000007', 'TrailBlazer GTX', 'trailblazer-gtx', 'Waterproof hiking boots with Vibram sole and Gore-Tex lining.', 219.99, 'active', '{"https://images.unsplash.com/photo-1520639888713-7851133b1ed0?w=600&h=600&fit=crop"}'),
  ('c1000000-0000-0000-0000-000000000053', 'a1000000-0000-0000-0000-000000000007', 'ClassicKick Canvas', 'classickick-canvas', 'Timeless canvas sneakers with vulcanized rubber sole.', 59.99, 'active', '{"https://images.unsplash.com/photo-1525966222134-fcfa99b8ae77?w=600&h=600&fit=crop"}'),
  ('c1000000-0000-0000-0000-000000000054', 'a1000000-0000-0000-0000-000000000007', 'FormalFlex Oxford', 'formalflex-oxford', 'Comfortable dress shoes with memory foam insole.', 159.99, 'active', '{"https://images.unsplash.com/photo-1614252369475-531eba835eb1?w=600&h=600&fit=crop"}');

insert into skus (id, product_id, sku_code, status) values
  ('d1000000-0000-0000-0000-000000000060', 'c1000000-0000-0000-0000-000000000050', 'CR5-BLK-10', 'active'),
  ('d1000000-0000-0000-0000-000000000061', 'c1000000-0000-0000-0000-000000000050', 'CR5-WHT-10', 'active'),
  ('d1000000-0000-0000-0000-000000000062', 'c1000000-0000-0000-0000-000000000050', 'CR5-BLK-11', 'active'),
  ('d1000000-0000-0000-0000-000000000063', 'c1000000-0000-0000-0000-000000000051', 'USL-BRN-9', 'active'),
  ('d1000000-0000-0000-0000-000000000064', 'c1000000-0000-0000-0000-000000000051', 'USL-BLK-10', 'active'),
  ('d1000000-0000-0000-0000-000000000065', 'c1000000-0000-0000-0000-000000000052', 'TBG-BRN-10', 'active'),
  ('d1000000-0000-0000-0000-000000000066', 'c1000000-0000-0000-0000-000000000052', 'TBG-BLK-11', 'active'),
  ('d1000000-0000-0000-0000-000000000067', 'c1000000-0000-0000-0000-000000000053', 'CKC-WHT-9', 'active'),
  ('d1000000-0000-0000-0000-000000000068', 'c1000000-0000-0000-0000-000000000053', 'CKC-BLK-10', 'active'),
  ('d1000000-0000-0000-0000-000000000069', 'c1000000-0000-0000-0000-000000000054', 'FFO-BLK-10', 'active'),
  ('d1000000-0000-0000-0000-000000000070', 'c1000000-0000-0000-0000-000000000054', 'FFO-BRN-11', 'active');

insert into sku_attribute_values (sku_id, category_attribute_id, value) values
  ('d1000000-0000-0000-0000-000000000060', 'b1000000-0000-0000-0000-000000000009', '10'),
  ('d1000000-0000-0000-0000-000000000060', 'b1000000-0000-0000-0000-000000000010', 'Black'),
  ('d1000000-0000-0000-0000-000000000061', 'b1000000-0000-0000-0000-000000000009', '10'),
  ('d1000000-0000-0000-0000-000000000061', 'b1000000-0000-0000-0000-000000000010', 'White'),
  ('d1000000-0000-0000-0000-000000000062', 'b1000000-0000-0000-0000-000000000009', '11'),
  ('d1000000-0000-0000-0000-000000000062', 'b1000000-0000-0000-0000-000000000010', 'Black'),
  ('d1000000-0000-0000-0000-000000000063', 'b1000000-0000-0000-0000-000000000009', '9'),
  ('d1000000-0000-0000-0000-000000000063', 'b1000000-0000-0000-0000-000000000010', 'Brown'),
  ('d1000000-0000-0000-0000-000000000064', 'b1000000-0000-0000-0000-000000000009', '10'),
  ('d1000000-0000-0000-0000-000000000064', 'b1000000-0000-0000-0000-000000000010', 'Black'),
  ('d1000000-0000-0000-0000-000000000065', 'b1000000-0000-0000-0000-000000000009', '10'),
  ('d1000000-0000-0000-0000-000000000065', 'b1000000-0000-0000-0000-000000000010', 'Brown'),
  ('d1000000-0000-0000-0000-000000000066', 'b1000000-0000-0000-0000-000000000009', '11'),
  ('d1000000-0000-0000-0000-000000000066', 'b1000000-0000-0000-0000-000000000010', 'Black'),
  ('d1000000-0000-0000-0000-000000000067', 'b1000000-0000-0000-0000-000000000009', '9'),
  ('d1000000-0000-0000-0000-000000000067', 'b1000000-0000-0000-0000-000000000010', 'White'),
  ('d1000000-0000-0000-0000-000000000068', 'b1000000-0000-0000-0000-000000000009', '10'),
  ('d1000000-0000-0000-0000-000000000068', 'b1000000-0000-0000-0000-000000000010', 'Black'),
  ('d1000000-0000-0000-0000-000000000069', 'b1000000-0000-0000-0000-000000000009', '10'),
  ('d1000000-0000-0000-0000-000000000069', 'b1000000-0000-0000-0000-000000000010', 'Black'),
  ('d1000000-0000-0000-0000-000000000070', 'b1000000-0000-0000-0000-000000000009', '11'),
  ('d1000000-0000-0000-0000-000000000070', 'b1000000-0000-0000-0000-000000000010', 'Brown');
